{
    "1Q": [ //native single-qubit gates of the target hardware
        "id",
        "sx",
        "x",
        "u3"
    ],
    "2Q": [ //native two-qubit gate of the target hardware
        "cx"
    ],
    "id": {
        "0": 1, //"qubit" : success probability of id
        "1": 1,
        "2": 1,
        "3": 1,
        "4": 1,
        "5": 1,
        "6": 1,
        "7": 1,
        "8": 1,
        "9": 1,
        "10": 1,
        "11": 1,
        "12": 1,
        "13": 1,
        "14": 1,
        "15": 1,
        "16": 1,
        "17": 1,
        "18": 1,
        "19": 1
    },
    "sx": {
        "0": 1, //"qubit" : success probability of sx 
        "1": 1,
        "2": 1,
        "3": 1,
        "4": 1,
        "5": 1,
        "6": 1,
        "7": 1,
        "8": 1,
        "9": 1,
        "10": 1,
        "11": 1,
        "12": 1,
        "13": 1,
        "14": 1,
        "15": 1,
        "16": 1,
        "17": 1,
        "18": 1,
        "19": 1
    },
    "x": {
        "0": 1, //"qubit" : success probability of x
        "1": 1,
        "2": 1,
        "3": 1,
        "4": 1,
        "5": 1,
        "6": 1,
        "7": 1,
        "8": 1,
        "9": 1,
        "10": 1,
        "11": 1,
        "12": 1,
        "13": 1,
        "14": 1,
        "15": 1,
        "16": 1,
        "17": 1,
        "18": 1,
        "19": 1
    },
    "u3": {
        "0": 1, //"qubit" : success probability of u3
        "1": 1,
        "2": 1,
        "3": 1,
        "4": 1,
        "5": 1,
        "6": 1,
        "7": 1,
        "8": 1,
        "9": 1,
        "10": 1,
        "11": 1,
        "12": 1,
        "13": 1,
        "14": 1,
        "15": 1,
        "16": 1,
        "17": 1,
        "18": 1,
        "19": 1
    },
    "cx": {
        "(3,15)": 0.9629002724287377, //"(qubit1,qubit2)" : success probability of cx between qubit1, qubit2 (both directions)
        "(3,7)": 0.9714730308137846,
        "(3,14)": 0.983275403661851,
        "(3,4)": 0.9680294459317054,
        "(15,6)": 0.9736466887125581,
        "(15,13)": 0.9606376255083877,
        "(15,12)": 0.9730290527384705,
        "(4,7)": 0.9647431303313362,
        "(4,19)": 0.9604436926848849,
        "(4,2)": 0.9620083389199159,
        "(7,9)": 0.9707911445573822,
        "(7,1)": 0.9784286409635834,
        "(5,9)": 0.9825341200795655,
        "(5,18)": 0.9685503187858284,
        "(5,11)": 0.9796657372826321,
        "(5,17)": 0.9672477929950254,
        "(9,2)": 0.9614111191942597,
        "(9,16)": 0.973027730631182,
        "(10,17)": 0.965809147452798,
        "(10,19)": 0.9888754956862604,
        "(10,13)": 0.9623009705836342,
        "(10,14)": 0.9800917245036895,
        "(17,12)": 0.9873542511164993,
        "(17,19)": 0.9663100317144351,
        "(14,6)": 0.9626506446297426,
        "(14,16)": 0.9824903891152437,
        "(6,8)": 0.9836087892140476,
        "(6,13)": 0.9628824363700696,
        "(2,16)": 0.9771795496645025,
        "(2,11)": 0.9740642410364835,
        "(19,16)": 0.9749012028795716,
        "(18,0)": 0.9851077421693456,
        "(18,1)": 0.981815350009083,
        "(18,8)": 0.9804686356332573,
        "(0,11)": 0.9622147869117291,
        "(0,1)": 0.9765745679536199,
        "(0,13)": 0.9878312017328535,
        "(11,8)": 0.9614868441354965,
        "(12,1)": 0.9783452246161173,
        "(12,8)": 0.9649592761027468
    }
}
